{
  "mpjpe": 0.0464911088347435,
  "lower_body_mpjpe": 0.03007006272673607,
  "knee_foot_mpjpe": 0.030517153441905975,
  "leg_velocity_error": 0.004806205164641142,
  "foot_motion_ratio": 2.114716902116879,
  "phase_delay_frames": 10
}