{
  "mpjpe": 0.0377773717045784,
  "lower_body_mpjpe": 0.04451165348291397,
  "knee_foot_mpjpe": 0.05212393030524254,
  "leg_velocity_error": 0.005450823809951544,
  "foot_motion_ratio": 2.5673042846229626,
  "phase_delay_frames": -2
}