{
  "mpjpe": 0.04413583502173424,
  "lower_body_mpjpe": 0.03702614828944206,
  "knee_foot_mpjpe": 0.04181139916181564,
  "leg_velocity_error": 0.0088975103572011,
  "foot_motion_ratio": 1.1188166918120914,
  "phase_delay_frames": 0
}