{
  "mpjpe": 0.03819935396313667,
  "lower_body_mpjpe": 0.02525702491402626,
  "knee_foot_mpjpe": 0.02600010111927986,
  "leg_velocity_error": 0.00353040243498981,
  "foot_motion_ratio": 1.8553056622899362,
  "phase_delay_frames": 10
}