{
  "baseline": {
    "mean_pose_local_mpjpe": 0.20731277763843536,
    "mean_pose_root_relative_mpjpe": 0.16205577552318573
  },
  "epochs": [
    {
      "epoch": 1,
      "train_loss": 0.22862722539418454,
      "train_local_mpjpe": 0.18891548957373644,
      "loss": 0.16664469822068256,
      "local_mpjpe": 0.15147397321792802,
      "global_mpjpe": 0.1514739731419017,
      "root_relative_mpjpe": 0.1332060435879161,
      "root_translation_error": 0.09473147791737023,
      "lower_body_mpjpe": 0.12173886348441808,
      "knee_foot_mpjpe": 0.13124713311433445,
      "root_relative_loss": 0.13320604343586342,
      "bone_loss": 0.023064077277898616,
      "velocity_loss": 0.035310400981162796,
      "leg_velocity_loss": 0.029075864099682942,
      "leg_acceleration_loss": 0.032112241475557794,
      "foot_motion_ratio": 2.1189116067511,
      "pred_root_std_mean": 0.1545611470937729,
      "gt_root_std_mean": 0.1702931672334671
    },
    {
      "epoch": 2,
      "train_loss": 0.18329484383533667,
      "train_local_mpjpe": 0.15473264833022882,
      "loss": 0.15646050948617063,
      "local_mpjpe": 0.13895270411935215,
      "global_mpjpe": 0.13895270394557765,
      "root_relative_mpjpe": 0.12141445714643676,
      "root_translation_error": 0.07825477402277138,
      "lower_body_mpjpe": 0.11893351071951341,
      "knee_foot_mpjpe": 0.12988999842207216,
      "root_relative_loss": 0.12141445761345566,
      "bone_loss": 0.017740319530498618,
      "velocity_loss": 0.03780009695831089,
      "leg_velocity_loss": 0.03070617327873891,
      "leg_acceleration_loss": 0.034459252790181354,
      "foot_motion_ratio": 2.375099696066915,
      "pred_root_std_mean": 0.16106759011745453,
      "gt_root_std_mean": 0.1702931672334671
    },
    {
      "epoch": 3,
      "train_loss": 0.16171316327275456,
      "train_local_mpjpe": 0.13369413807585434,
      "loss": 0.14568140009097733,
      "local_mpjpe": 0.1283911686314612,
      "global_mpjpe": 0.12839116881609658,
      "root_relative_mpjpe": 0.10683521619691098,
      "root_translation_error": 0.07834373972223903,
      "lower_body_mpjpe": 0.11129657091143876,
      "knee_foot_mpjpe": 0.12299756815456094,
      "root_relative_loss": 0.10683521672909531,
      "bone_loss": 0.018563004028671164,
      "velocity_loss": 0.03491779623699779,
      "leg_velocity_loss": 0.0289606108892242,
      "leg_acceleration_loss": 0.03208998013993741,
      "foot_motion_ratio": 1.8583587934602455,
      "pred_root_std_mean": 0.15640860795974731,
      "gt_root_std_mean": 0.1702931672334671
    },
    {
      "epoch": 4,
      "train_loss": 0.14893824227892602,
      "train_local_mpjpe": 0.11960054306430859,
      "loss": 0.13694126397892614,
      "local_mpjpe": 0.11684460300441733,
      "global_mpjpe": 0.11684460304786096,
      "root_relative_mpjpe": 0.09824492344659896,
      "root_translation_error": 0.07350851246766724,
      "lower_body_mpjpe": 0.11023497775892127,
      "knee_foot_mpjpe": 0.12101783678370036,
      "root_relative_loss": 0.09824492344659896,
      "bone_loss": 0.017853533688921796,
      "velocity_loss": 0.03551049440632148,
      "leg_velocity_loss": 0.02998597293809795,
      "leg_acceleration_loss": 0.03413121139701271,
      "foot_motion_ratio": 1.9312010605550716,
      "pred_root_std_mean": 0.1535036414861679,
      "gt_root_std_mean": 0.1702931672334671
    },
    {
      "epoch": 5,
      "train_loss": 0.13872635577981537,
      "train_local_mpjpe": 0.10901167261842135,
      "loss": 0.14026957753578706,
      "local_mpjpe": 0.12097598383143414,
      "global_mpjpe": 0.12097598407037403,
      "root_relative_mpjpe": 0.09305350333669443,
      "root_translation_error": 0.07919867818431152,
      "lower_body_mpjpe": 0.11127078085703336,
      "knee_foot_mpjpe": 0.12267900351706469,
      "root_relative_loss": 0.09305350333669443,
      "bone_loss": 0.018375700870501666,
      "velocity_loss": 0.03485595920386537,
      "leg_velocity_loss": 0.0303898340351771,
      "leg_acceleration_loss": 0.03611719373168299,
      "foot_motion_ratio": 2.0099505014913075,
      "pred_root_std_mean": 0.16233398020267487,
      "gt_root_std_mean": 0.1702931672334671
    },
    {
      "epoch": 6,
      "train_loss": 0.13239060422858676,
      "train_local_mpjpe": 0.10345139901514526,
      "loss": 0.13207718072888108,
      "local_mpjpe": 0.11168041982777613,
      "global_mpjpe": 0.11168041974088888,
      "root_relative_mpjpe": 0.08769174796629578,
      "root_translation_error": 0.06799338165529442,
      "lower_body_mpjpe": 0.10617703604498341,
      "knee_foot_mpjpe": 0.11895688298448877,
      "root_relative_loss": 0.08769174808576573,
      "bone_loss": 0.017873568550626537,
      "velocity_loss": 0.03453671167069726,
      "leg_velocity_loss": 0.02999088656613413,
      "leg_acceleration_loss": 0.03587329165830817,
      "foot_motion_ratio": 2.143794328843192,
      "pred_root_std_mean": 0.1585368514060974,
      "gt_root_std_mean": 0.1702931672334671
    },
    {
      "epoch": 7,
      "train_loss": 0.13003920988590867,
      "train_local_mpjpe": 0.10127948993095406,
      "loss": 0.12674244695258904,
      "local_mpjpe": 0.10779386809850573,
      "global_mpjpe": 0.10779386817453207,
      "root_relative_mpjpe": 0.08435166420811467,
      "root_translation_error": 0.06813524209734041,
      "lower_body_mpjpe": 0.10314753061871834,
      "knee_foot_mpjpe": 0.11469096386311006,
      "root_relative_loss": 0.08435166417553196,
      "bone_loss": 0.015697375159173032,
      "velocity_loss": 0.03189517261118305,
      "leg_velocity_loss": 0.02787028032873619,
      "leg_acceleration_loss": 0.03306569788691862,
      "foot_motion_ratio": 1.7589346739971254,
      "pred_root_std_mean": 0.15729017555713654,
      "gt_root_std_mean": 0.1702931672334671
    },
    {
      "epoch": 8,
      "train_loss": 0.12761331983246244,
      "train_local_mpjpe": 0.09893419834541844,
      "loss": 0.1275736381986746,
      "local_mpjpe": 0.10879749768894198,
      "global_mpjpe": 0.10879749791702098,
      "root_relative_mpjpe": 0.08557574706200956,
      "root_translation_error": 0.06799219693695317,
      "lower_body_mpjpe": 0.1019246781641297,
      "knee_foot_mpjpe": 0.11241474520664868,
      "root_relative_loss": 0.08557574729008856,
      "bone_loss": 0.017322326525665666,
      "velocity_loss": 0.03306642052807109,
      "leg_velocity_loss": 0.028547062848099988,
      "leg_acceleration_loss": 0.03447729976353597,
      "foot_motion_ratio": 1.6061189256326103,
      "pred_root_std_mean": 0.16012273728847504,
      "gt_root_std_mean": 0.1702931672334671
    },
    {
      "epoch": 9,
      "train_loss": 0.12681672928166818,
      "train_local_mpjpe": 0.0977581399652335,
      "loss": 0.125814410974611,
      "local_mpjpe": 0.10700288145604704,
      "global_mpjpe": 0.10700288079353185,
      "root_relative_mpjpe": 0.08509928929692802,
      "root_translation_error": 0.06489864499484659,
      "lower_body_mpjpe": 0.10085235281953311,
      "knee_foot_mpjpe": 0.1128038358670977,
      "root_relative_loss": 0.08509928953586793,
      "bone_loss": 0.0151043120573435,
      "velocity_loss": 0.033014526579844015,
      "leg_velocity_loss": 0.02856731787052429,
      "leg_acceleration_loss": 0.03406901952997936,
      "foot_motion_ratio": 2.0175392265396286,
      "pred_root_std_mean": 0.16298268735408783,
      "gt_root_std_mean": 0.1702931672334671
    },
    {
      "epoch": 10,
      "train_loss": 0.12440205079478187,
      "train_local_mpjpe": 0.09564816282541902,
      "loss": 0.12179131717923432,
      "local_mpjpe": 0.10262099186463537,
      "global_mpjpe": 0.10262099156053003,
      "root_relative_mpjpe": 0.08247129528432998,
      "root_translation_error": 0.06388992089615271,
      "lower_body_mpjpe": 0.09789906784283872,
      "knee_foot_mpjpe": 0.10862123674058706,
      "root_relative_loss": 0.08247129513227731,
      "bone_loss": 0.015889551910047716,
      "velocity_loss": 0.03333223907619107,