{
  "mpjpe": 0.04592851176857948,
  "lower_body_mpjpe": 0.04388469085097313,
  "knee_foot_mpjpe": 0.05106896907091141,
  "leg_velocity_error": 0.016065482050180435,
  "foot_motion_ratio": 0.6816625772329165,
  "phase_delay_frames": 0
}