{
  "mpjpe": 0.04866931587457657,
  "lower_body_mpjpe": 0.04683295637369156,
  "knee_foot_mpjpe": 0.05920230597257614,
  "leg_velocity_error": 0.004269192460924387,
  "foot_motion_ratio": 4.846077257043757,
  "phase_delay_frames": 10
}