{
  "mpjpe": 0.039850201457738876,
  "lower_body_mpjpe": 0.04605122655630112,
  "knee_foot_mpjpe": 0.05291786044836044,
  "leg_velocity_error": 0.003242529695853591,
  "foot_motion_ratio": 6.9450316201312265,
  "phase_delay_frames": 2
}