{
  "mpjpe": 0.042228713631629944,
  "lower_body_mpjpe": 0.03847562149167061,
  "knee_foot_mpjpe": 0.03815222904086113,
  "leg_velocity_error": 0.01164131797850132,
  "foot_motion_ratio": 1.139930072111813,
  "phase_delay_frames": 0
}