{
  "mpjpe": 0.15284223854541779,
  "lower_body_mpjpe": 0.17838191986083984,
  "knee_foot_mpjpe": 0.21577543020248413,
  "leg_velocity_error": 0.028082991018891335,
  "foot_motion_ratio": 1.2068487984774463,
  "phase_delay_frames": -3
}