{
  "baseline": {
    "mean_pose_local_mpjpe": 0.20747601985931396,
    "mean_pose_root_relative_mpjpe": 0.1624150425195694
  },
  "epochs": [
    {
      "epoch": 1,
      "train_loss": 0.25088039829130593,
      "train_local_mpjpe": 0.2151440340128258,
      "loss": 0.1507763172773754,
      "local_mpjpe": 0.14058608062127056,
      "global_mpjpe": 0.14058608070892445,
      "root_relative_mpjpe": 0.12332248639534502,
      "root_translation_error": 0.0763352966922171,
      "lower_body_mpjpe": 0.11197412732769461,
      "knee_foot_mpjpe": 0.12263720053083757,
      "root_relative_loss": 0.12332248665830668,
      "bone_loss": 0.023691128238159068,
      "velocity_loss": 0.03742426077232641,
      "leg_velocity_loss": 0.031259852603954426,
      "leg_acceleration_loss": 0.04037699274280492,
      "foot_motion_ratio": 2.042060643083909,
      "pred_root_std_mean": 0.15682028234004974,
      "gt_root_std_mean": 0.16964389383792877
    },
    {
      "epoch": 2,
      "train_loss": 0.17231088642873904,
      "train_local_mpjpe": 0.15281347642197227,
      "loss": 0.13868183230652528,
      "local_mpjpe": 0.12795193572254743,
      "global_mpjpe": 0.1279519351966241,
      "root_relative_mpjpe": 0.11351877236190965,
      "root_translation_error": 0.0661264817285187,
      "lower_body_mpjpe": 0.10433545375571532,
      "knee_foot_mpjpe": 0.11664899451767698,
      "root_relative_loss": 0.1135187719236402,
      "bone_loss": 0.02058158033691785,
      "velocity_loss": 0.03597031483317123,
      "leg_velocity_loss": 0.029534263678771606,
      "leg_acceleration_loss": 0.0372515626689967,
      "foot_motion_ratio": 1.7817318357088987,
      "pred_root_std_mean": 0.16157515347003937,
      "gt_root_std_mean": 0.16964389383792877
    },
    {
      "epoch": 3,
      "train_loss": 0.1550946513014118,
      "train_local_mpjpe": 0.1357283966384665,
      "loss": 0.13092808346537982,
      "local_mpjpe": 0.11855241305687848,
      "global_mpjpe": 0.11855241349514793,
      "root_relative_mpjpe": 0.10245833225986536,
      "root_translation_error": 0.06500647335368044,
      "lower_body_mpjpe": 0.10120161289677901,
      "knee_foot_mpjpe": 0.11392790938124937,
      "root_relative_loss": 0.10245833125184564,
      "bone_loss": 0.022183867039925913,
      "velocity_loss": 0.034947330964838756,
      "leg_velocity_loss": 0.028681110064773,
      "leg_acceleration_loss": 0.03620974274680895,
      "foot_motion_ratio": 1.720409080912085,
      "pred_root_std_mean": 0.16177910566329956,
      "gt_root_std_mean": 0.16964389383792877
    },
    {
      "epoch": 4,
      "train_loss": 0.14253894631227437,
      "train_local_mpjpe": 0.12333981380084136,
      "loss": 0.12648040739928976,
      "local_mpjpe": 0.11160297893425998,
      "global_mpjpe": 0.11160297867129831,
      "root_relative_mpjpe": 0.0925920690245488,
      "root_translation_error": 0.06425194402827936,
      "lower_body_mpjpe": 0.10138705017812112,
      "knee_foot_mpjpe": 0.11490768680677695,
      "root_relative_loss": 0.09259206880541408,
      "bone_loss": 0.025405723722103764,
      "velocity_loss": 0.034530740077881254,
      "leg_velocity_loss": 0.028403035978622298,
      "leg_acceleration_loss": 0.036259482779047066,
      "foot_motion_ratio": 1.7682040856165044,
      "pred_root_std_mean": 0.16051886975765228,
      "gt_root_std_mean": 0.16964389383792877
    },
    {
      "epoch": 5,
      "train_loss": 0.13375095734848594,
      "train_local_mpjpe": 0.115258606517837,
      "loss": 0.12489408403635024,
      "local_mpjpe": 0.11030449542929144,
      "global_mpjpe": 0.110304494991022,
      "root_relative_mpjpe": 0.08814586738453192,
      "root_translation_error": 0.06589493644149864,
      "lower_body_mpjpe": 0.10286302925909267,
      "knee_foot_mpjpe": 0.11626563475412481,
      "root_relative_loss": 0.08814586734070498,
      "bone_loss": 0.02067147151512258,
      "velocity_loss": 0.034713898292359185,
      "leg_velocity_loss": 0.028351706737542854,
      "leg_acceleration_loss": 0.03743901009507039,
      "foot_motion_ratio": 1.763920954395743,
      "pred_root_std_mean": 0.16153697669506073,
      "gt_root_std_mean": 0.16964389383792877
    },
    {
      "epoch": 6,
      "train_loss": 0.12499948047155882,
      "train_local_mpjpe": 0.10730631230738912,
      "loss": 0.11972952362369088,
      "local_mpjpe": 0.10645966275649912,
      "global_mpjpe": 0.10645966266884524,
      "root_relative_mpjpe": 0.08369413872852045,
      "root_translation_error": 0.07172832537223311,
      "lower_body_mpjpe": 0.09840234154287507,
      "knee_foot_mpjpe": 0.10857024319908198,
      "root_relative_loss": 0.0836941387723474,
      "bone_loss": 0.02004787525271668,
      "velocity_loss": 0.03357505314052105,
      "leg_velocity_loss": 0.027920597704017863,
      "leg_acceleration_loss": 0.03753818681134897,
      "foot_motion_ratio": 1.8201099791947533,
      "pred_root_std_mean": 0.15996138751506805,
      "gt_root_std_mean": 0.16964389383792877
    },
    {
      "epoch": 7,
      "train_loss": 0.11840811801435304,
      "train_local_mpjpe": 0.1013624294504632,
      "loss": 0.11264552303096827,
      "local_mpjpe": 0.09858242545057745,
      "global_mpjpe": 0.09858242474934634,
      "root_relative_mpjpe": 0.08220916009124588,
      "root_translation_error": 0.059040111390983356,
      "lower_body_mpjpe": 0.0932609561173355,
      "knee_foot_mpjpe": 0.10615437184186542,
      "root_relative_loss": 0.0822091595214956,
      "bone_loss": 0.01788843904128846,
      "velocity_loss": 0.0322314507821027,
      "leg_velocity_loss": 0.027168229266124614,
      "leg_acceleration_loss": 0.036838682872407574,
      "foot_motion_ratio": 1.6593306085642647,
      "pred_root_std_mean": 0.16330425441265106,
      "gt_root_std_mean": 0.16964389383792877
    },
    {
      "epoch": 8,
      "train_loss": 0.11311696771613873,
      "train_local_mpjpe": 0.09614588760764059,
      "loss": 0.10682892834438998,
      "local_mpjpe": 0.09303683945361306,
      "global_mpjpe": 0.09303683923447834,
      "root_relative_mpjpe": 0.07808405222261654,
      "root_translation_error": 0.05387701289180447,
      "lower_body_mpjpe": 0.08842860758304597,
      "knee_foot_mpjpe": 0.10090211011907634,
      "root_relative_loss": 0.07808405200348181,
      "bone_loss": 0.01710570718654815,
      "velocity_loss": 0.0318266766036258,
      "leg_velocity_loss": 0.0270216350827147,
      "leg_acceleration_loss": 0.036884241485420396,
      "foot_motion_ratio": 1.8733903036398045,
      "pred_root_std_mean": 0.16560369729995728,
      "gt_root_std_mean": 0.16964389383792877
    },
    {
      "epoch": 9,
      "train_loss": 0.10786361288088951,
      "train_local_mpjpe": 0.09099925420906423,
      "loss": 0.10621013615061255,
      "local_mpjpe": 0.09229251273414668,
      "global_mpjpe": 0.09229251286562751,
      "root_relative_mpjpe": 0.07501619344248492,
      "root_translation_error": 0.057254254796049175,
      "lower_body_mpjpe": 0.08954555869979017,
      "knee_foot_mpjpe": 0.10083524422610507,
      "root_relative_loss": 0.07501619405606214,
      "bone_loss": 0.016471369564533232,
      "velocity_loss": 0.03232971957939513,
      "leg_velocity_loss": 0.027260437761159505,
      "leg_acceleration_loss": 0.03788619495051749,
      "foot_motion_ratio": 1.8220656563253963,
      "pred_root_std_mean": 0.16441015899181366,
      "gt_root_std_mean": 0.16964389383792877
    },
    {
      "epoch": 10,
      "train_loss": 0.10402477796386628,
      "train_local_mpjpe": 0.08713048008562875,
      "loss": 0.10859068759223994,
      "local_mpjpe": 0.09416655297665034,
      "global_mpjpe": 0.09416655284516952,
      "root_relative_mpjpe": 0.07498175409786842,
      "root_translation_error": 0.057319268628078346,
      "lower_body_mpjpe": 0.09235262419371044,
      "knee_foot_mpjpe": 0.10509224608540535,
      "root_relative_loss": 0.07498175436083009,
      "bone_loss": 0.016864673974102035,
      "velocity_loss": 0.030808734784231465,