{
  "mpjpe": 0.038823097944259644,
  "lower_body_mpjpe": 0.0389716736972332,
  "knee_foot_mpjpe": 0.041135553270578384,
  "leg_velocity_error": 0.013541336171329021,
  "foot_motion_ratio": 1.065999644146881,
  "phase_delay_frames": 0
}