{
  "mpjpe": 0.06259547173976898,
  "lower_body_mpjpe": 0.04720105975866318,
  "knee_foot_mpjpe": 0.042453110218048096,
  "leg_velocity_error": 0.011824272572994232,
  "foot_motion_ratio": 1.1671196612366037,
  "phase_delay_frames": -2
}