{
  "mpjpe": 0.05681079998612404,
  "lower_body_mpjpe": 0.056095995008945465,
  "knee_foot_mpjpe": 0.06558167189359665,
  "leg_velocity_error": 0.017543943598866463,
  "foot_motion_ratio": 0.9119321363588301,
  "phase_delay_frames": 0
}