{
  "baseline": {
    "mean_pose_local_mpjpe": 0.20747601985931396,
    "mean_pose_root_relative_mpjpe": 0.1624150425195694
  },
  "epochs": [
    {
      "epoch": 1,
      "train_loss": 0.24098504421702266,
      "train_local_mpjpe": 0.2060152202518317,
      "loss": 0.15070632862694122,
      "local_mpjpe": 0.13979787440860972,
      "global_mpjpe": 0.13979787414564807,
      "root_relative_mpjpe": 0.12304506205460604,
      "root_translation_error": 0.07633637588690309,
      "lower_body_mpjpe": 0.11051167845726013,
      "knee_foot_mpjpe": 0.12109597750446376,
      "root_relative_loss": 0.1230450615286827,
      "bone_loss": 0.02640723292441929,
      "velocity_loss": 0.039927536972305354,
      "leg_velocity_loss": 0.03373464236364645,
      "leg_acceleration_loss": 0.04123592963990043,
      "foot_motion_ratio": 2.2997585689320283,
      "pred_root_std_mean": 0.16226474940776825,
      "gt_root_std_mean": 0.16964389383792877
    },
    {
      "epoch": 2,
      "train_loss": 0.16772543725958705,
      "train_local_mpjpe": 0.1486501716022944,
      "loss": 0.14687146588283426,
      "local_mpjpe": 0.13517752614091424,
      "global_mpjpe": 0.13517752605326036,
      "root_relative_mpjpe": 0.11193276284372106,
      "root_translation_error": 0.07350183449247304,
      "lower_body_mpjpe": 0.11277742626912454,
      "knee_foot_mpjpe": 0.12695951347841936,
      "root_relative_loss": 0.1119327632819905,
      "bone_loss": 0.02030641150606029,
      "velocity_loss": 0.03713499046862125,
      "leg_velocity_loss": 0.031991993208580156,
      "leg_acceleration_loss": 0.037984959978391145,
      "foot_motion_ratio": 1.9735969147261452,
      "pred_root_std_mean": 0.1596447080373764,
      "gt_root_std_mean": 0.16964389383792877
    },
    {
      "epoch": 3,
      "train_loss": 0.15309212307860381,
      "train_local_mpjpe": 0.13409067181883938,
      "loss": 0.13043917496414745,
      "local_mpjpe": 0.11548782692236059,
      "global_mpjpe": 0.11548782718532226,
      "root_relative_mpjpe": 0.10166804422350491,
      "root_translation_error": 0.06561364553430502,
      "lower_body_mpjpe": 0.104178718126872,
      "knee_foot_mpjpe": 0.11823434395825162,
      "root_relative_loss": 0.10166804461794741,
      "bone_loss": 0.023013719587641604,
      "velocity_loss": 0.03588697743766448,
      "leg_velocity_loss": 0.030612976903862815,
      "leg_acceleration_loss": 0.036073520560474956,
      "foot_motion_ratio": 2.0131642106701344,
      "pred_root_std_mean": 0.16163693368434906,
      "gt_root_std_mean": 0.16964389383792877
    },
    {
      "epoch": 4,
      "train_loss": 0.14274679983619357,
      "train_local_mpjpe": 0.12348702136617508,
      "loss": 0.1270241578712183,
      "local_mpjpe": 0.11308585186215007,
      "global_mpjpe": 0.11308585159918841,
      "root_relative_mpjpe": 0.09878239083816023,
      "root_translation_error": 0.06408576864530058,
      "lower_body_mpjpe": 0.10196229986408177,
      "knee_foot_mpjpe": 0.11457381322979927,
      "root_relative_loss": 0.09878239092581412,
      "bone_loss": 0.020349120644523818,
      "velocity_loss": 0.035486246492056284,
      "leg_velocity_loss": 0.0301086861968917,
      "leg_acceleration_loss": 0.03630872351281783,
      "foot_motion_ratio": 1.9522517435690936,
      "pred_root_std_mean": 0.16521255671977997,
      "gt_root_std_mean": 0.16964389383792877
    },
    {
      "epoch": 5,
      "train_loss": 0.1333346964560286,
      "train_local_mpjpe": 0.11473801609699744,
      "loss": 0.12535421085708282,
      "local_mpjpe": 0.11198852456667845,
      "global_mpjpe": 0.11198852456667845,
      "root_relative_mpjpe": 0.09071913615745657,
      "root_translation_error": 0.06876051557414672,
      "lower_body_mpjpe": 0.10162685991210096,
      "knee_foot_mpjpe": 0.11278304111431627,
      "root_relative_loss": 0.090719135806841,
      "bone_loss": 0.020354133767678455,
      "velocity_loss": 0.034657194158610176,
      "leg_velocity_loss": 0.029722730541492208,
      "leg_acceleration_loss": 0.036320589132168714,
      "foot_motion_ratio": 1.8870572254938238,
      "pred_root_std_mean": 0.15966889262199402,
      "gt_root_std_mean": 0.16964389383792877
    },
    {
      "epoch": 6,
      "train_loss": 0.12677467818351557,
      "train_local_mpjpe": 0.10867520443496913,
      "loss": 0.11513084742952795,
      "local_mpjpe": 0.10054968323777703,
      "global_mpjpe": 0.10054968341308482,
      "root_relative_mpjpe": 0.08511575640124433,
      "root_translation_error": 0.060761435614789236,
      "lower_body_mpjpe": 0.09409281133728868,
      "knee_foot_mpjpe": 0.10611979641458567,
      "root_relative_loss": 0.08511575749691795,
      "bone_loss": 0.021438693682498792,
      "velocity_loss": 0.03385986771215411,
      "leg_velocity_loss": 0.028926584234132486,
      "leg_acceleration_loss": 0.03566336381961318,
      "foot_motion_ratio": 1.8294151295633878,
      "pred_root_std_mean": 0.1621958166360855,
      "gt_root_std_mean": 0.16964389383792877
    },
    {
      "epoch": 7,
      "train_loss": 0.12091854424045904,
      "train_local_mpjpe": 0.10323925748684981,
      "loss": 0.11672094595782898,
      "local_mpjpe": 0.10293961268137483,
      "global_mpjpe": 0.10293961347025983,
      "root_relative_mpjpe": 0.08801547065377235,
      "root_translation_error": 0.05939939245581627,
      "lower_body_mpjpe": 0.09457966821158634,
      "knee_foot_mpjpe": 0.10692539131816696,
      "root_relative_loss": 0.08801547039081069,
      "bone_loss": 0.019058818249579737,
      "velocity_loss": 0.03408057411365649,
      "leg_velocity_loss": 0.029167605728349266,
      "leg_acceleration_loss": 0.03598537648863652,
      "foot_motion_ratio": 1.982643272596247,
      "pred_root_std_mean": 0.16544502973556519,
      "gt_root_std_mean": 0.16964389383792877
    },
    {
      "epoch": 8,
      "train_loss": 0.11581956350455319,
      "train_local_mpjpe": 0.09855527020175092,
      "loss": 0.11179076100096982,
      "local_mpjpe": 0.09708560827900381,
      "global_mpjpe": 0.09708560854196549,
      "root_relative_mpjpe": 0.0827353827217046,
      "root_translation_error": 0.05693165510892868,
      "lower_body_mpjpe": 0.09174056947231293,
      "knee_foot_mpjpe": 0.10421750957474989,
      "root_relative_loss": 0.08273538245874293,
      "bone_loss": 0.019898807076627716,
      "velocity_loss": 0.03406258188188076,
      "leg_velocity_loss": 0.029511678536586903,
      "leg_acceleration_loss": 0.036719000712037084,
      "foot_motion_ratio": 2.0274866437210757,
      "pred_root_std_mean": 0.1662060171365738,
      "gt_root_std_mean": 0.16964389383792877
    },
    {
      "epoch": 9,
      "train_loss": 0.11117659193755937,
      "train_local_mpjpe": 0.09416431223932845,
      "loss": 0.11238953655256945,
      "local_mpjpe": 0.09803918819217121,
      "global_mpjpe": 0.09803918797303648,
      "root_relative_mpjpe": 0.08207732964964475,
      "root_translation_error": 0.05636471862740376,
      "lower_body_mpjpe": 0.09254286951001953,
      "knee_foot_mpjpe": 0.10560704272459535,
      "root_relative_loss": 0.08207732995643335,
      "bone_loss": 0.017841214034706353,
      "velocity_loss": 0.03419948901761981,
      "leg_velocity_loss": 0.029547940994448522,
      "leg_acceleration_loss": 0.03683869932942531,
      "foot_motion_ratio": 2.159851927617017,
      "pred_root_std_mean": 0.1636991798877716,
      "gt_root_std_mean": 0.16964389383792877
    },
    {
      "epoch": 10,
      "train_loss": 0.10615746203782785,
      "train_local_mpjpe": 0.08937331506588163,
      "loss": 0.10788180731675204,
      "local_mpjpe": 0.09401513140867739,
      "global_mpjpe": 0.09401513158398515,
      "root_relative_mpjpe": 0.07986888008959153,
      "root_translation_error": 0.0547028846162207,
      "lower_body_mpjpe": 0.08903734631398146,
      "knee_foot_mpjpe": 0.10081029578166849,
      "root_relative_loss": 0.07986888044020708,
      "bone_loss": 0.016665378273190822,