{
  "mpjpe": 0.0434955358505249,
  "lower_body_mpjpe": 0.03806089609861374,
  "knee_foot_mpjpe": 0.03617669641971588,
  "leg_velocity_error": 0.012147081084549427,
  "foot_motion_ratio": 1.1148605707923178,
  "phase_delay_frames": 0
}