{
  "mpjpe": 0.03920247405767441,
  "lower_body_mpjpe": 0.023499518632888794,
  "knee_foot_mpjpe": 0.02368580363690853,
  "leg_velocity_error": 0.0042970506474375725,
  "foot_motion_ratio": 2.4322669409436273,
  "phase_delay_frames": 10
}