{
  "mpjpe": 0.05492508038878441,
  "lower_body_mpjpe": 0.03247298300266266,
  "knee_foot_mpjpe": 0.031174425035715103,
  "leg_velocity_error": 0.005102711264044046,
  "foot_motion_ratio": 1.2080463506215064,
  "phase_delay_frames": 3
}