{
  "mpjpe": 0.08859757333993912,
  "lower_body_mpjpe": 0.10363726317882538,
  "knee_foot_mpjpe": 0.12091755867004395,
  "leg_velocity_error": 0.018681008368730545,
  "foot_motion_ratio": 9.352334514344172,
  "phase_delay_frames": -10
}