{
  "mpjpe": 0.035150256007909775,
  "lower_body_mpjpe": 0.028569960966706276,
  "knee_foot_mpjpe": 0.027975507080554962,
  "leg_velocity_error": 0.009922857396304607,
  "foot_motion_ratio": 1.1971948357781603,
  "phase_delay_frames": 0
}