{
  "baseline": {
    "mean_pose_local_mpjpe": 0.20747601985931396,
    "mean_pose_root_relative_mpjpe": 0.1624150425195694
  },
  "epochs": [
    {
      "epoch": 1,
      "train_loss": 0.24231795641682008,
      "train_local_mpjpe": 0.20205451277540112,
      "loss": 0.16405375356783206,
      "local_mpjpe": 0.1508356804429254,
      "global_mpjpe": 0.15083568004731934,
      "root_relative_mpjpe": 0.12907272564098898,
      "root_translation_error": 0.08291759640857534,
      "lower_body_mpjpe": 0.12246734680811212,
      "knee_foot_mpjpe": 0.13375167861844586,
      "root_relative_loss": 0.12907272558604369,
      "bone_loss": 0.015088052639963,
      "velocity_loss": 0.03208581723580494,
      "leg_velocity_loss": 0.02684674402121949,
      "leg_acceleration_loss": 0.028587037277103,
      "foot_motion_ratio": 0.6939330494970875,
      "pred_root_std_mean": 0.16105203330516815,
      "gt_root_std_mean": 0.16964389383792877
    },
    {
      "epoch": 2,
      "train_loss": 0.1872287475823486,
      "train_local_mpjpe": 0.1605673213455364,
      "loss": 0.15605381172930596,
      "local_mpjpe": 0.1418610172000079,
      "global_mpjpe": 0.14186101676044563,
      "root_relative_mpjpe": 0.11738174081200344,
      "root_translation_error": 0.08379574111253463,
      "lower_body_mpjpe": 0.11938773276927196,
      "knee_foot_mpjpe": 0.1295099351719945,
      "root_relative_loss": 0.11738174087793778,
      "bone_loss": 0.01515287001669451,
      "velocity_loss": 0.03183326555641264,
      "leg_velocity_loss": 0.026778345084185973,
      "leg_acceleration_loss": 0.028339132663840565,
      "foot_motion_ratio": 0.6424268588676477,
      "pred_root_std_mean": 0.15637321770191193,
      "gt_root_std_mean": 0.16964389383792877
    },
    {
      "epoch": 3,
      "train_loss": 0.1789015162817753,
      "train_local_mpjpe": 0.15361504504171603,
      "loss": 0.15436895531231323,
      "local_mpjpe": 0.14127975625362368,
      "global_mpjpe": 0.1412797567591203,
      "root_relative_mpjpe": 0.11456118606492481,
      "root_translation_error": 0.08476686447990679,
      "lower_body_mpjpe": 0.1197920634595342,
      "knee_foot_mpjpe": 0.12861216638599876,
      "root_relative_loss": 0.11456118584514367,
      "bone_loss": 0.011454429796822698,
      "velocity_loss": 0.030734088694934998,
      "leg_velocity_loss": 0.02639085369234064,
      "leg_acceleration_loss": 0.02716246174763789,
      "foot_motion_ratio": 0.21234948591433553,
      "pred_root_std_mean": 0.15322484076023102,
      "gt_root_std_mean": 0.16964389383792877
    },
    {
      "epoch": 4,
      "train_loss": 0.17166717504117177,
      "train_local_mpjpe": 0.1475831644786318,
      "loss": 0.1591358388661459,
      "local_mpjpe": 0.14793360959683546,
      "global_mpjpe": 0.14793360979463852,
      "root_relative_mpjpe": 0.1187767749844575,
      "root_translation_error": 0.08975189435776532,
      "lower_body_mpjpe": 0.1229565979412875,
      "knee_foot_mpjpe": 0.13031133970899567,
      "root_relative_loss": 0.1187767746547858,
      "bone_loss": 0.008665313870731224,
      "velocity_loss": 0.030399144006272156,
      "leg_velocity_loss": 0.026292526105468252,
      "leg_acceleration_loss": 0.026315684737994782,
      "foot_motion_ratio": 0.13960247290400365,
      "pred_root_std_mean": 0.14686043560504913,
      "gt_root_std_mean": 0.16964389383792877
    },
    {
      "epoch": 5,
      "train_loss": 0.16338166557796244,
      "train_local_mpjpe": 0.1391628908510082,
      "loss": 0.1491741191672716,
      "local_mpjpe": 0.13520448875770105,
      "global_mpjpe": 0.13520448891154785,
      "root_relative_mpjpe": 0.10882737943600412,
      "root_translation_error": 0.07709656368974036,
      "lower_body_mpjpe": 0.11480663342066219,
      "knee_foot_mpjpe": 0.12692929663665176,
      "root_relative_loss": 0.10882737951292752,
      "bone_loss": 0.012089132482754644,
      "velocity_loss": 0.030432949323415934,
      "leg_velocity_loss": 0.026390179439521995,
      "leg_acceleration_loss": 0.027305900970896965,
      "foot_motion_ratio": 0.17852628608247964,
      "pred_root_std_mean": 0.15601801872253418,
      "gt_root_std_mean": 0.16964389383792877
    },
    {
      "epoch": 6,
      "train_loss": 0.15885123589422798,
      "train_local_mpjpe": 0.13505107112038528,
      "loss": 0.154750660204694,
      "local_mpjpe": 0.1413757717978638,
      "global_mpjpe": 0.14137577211654642,
      "root_relative_mpjpe": 0.11169064697702374,
      "root_translation_error": 0.08291093690820851,
      "lower_body_mpjpe": 0.120080899315334,
      "knee_foot_mpjpe": 0.1314052262049509,
      "root_relative_loss": 0.11169064690010035,
      "bone_loss": 0.01063034837587481,
      "velocity_loss": 0.030636868585219777,
      "leg_velocity_loss": 0.026508001945802946,
      "leg_acceleration_loss": 0.026476326744706756,
      "foot_motion_ratio": 0.09081120620172646,
      "pred_root_std_mean": 0.1571325957775116,
      "gt_root_std_mean": 0.16964389383792877
    },
    {
      "epoch": 7,
      "train_loss": 0.16292219793247262,
      "train_local_mpjpe": 0.1394357053005565,
      "loss": 0.1515231150419487,
      "local_mpjpe": 0.1380556633250903,
      "global_mpjpe": 0.13805566306135295,
      "root_relative_mpjpe": 0.11230987838983184,
      "root_translation_error": 0.07644051738951498,
      "lower_body_mpjpe": 0.11570429692050349,
      "knee_foot_mpjpe": 0.12798120070435656,
      "root_relative_loss": 0.11230987836785372,
      "bone_loss": 0.011770618413602467,
      "velocity_loss": 0.03055544309373011,
      "leg_velocity_loss": 0.02634745645048344,
      "leg_acceleration_loss": 0.026603238335686976,
      "foot_motion_ratio": 0.11065467010803808,
      "pred_root_std_mean": 0.16113466024398804,
      "gt_root_std_mean": 0.16964389383792877
    },
    {
      "epoch": 8,
      "train_loss": 0.15918719745411056,
      "train_local_mpjpe": 0.1354511297192343,
      "loss": 0.14491661656702867,
      "local_mpjpe": 0.12997120123213723,
      "global_mpjpe": 0.12997120162774328,
      "root_relative_mpjpe": 0.10672296823213938,
      "root_translation_error": 0.07565472392601601,
      "lower_body_mpjpe": 0.1134270994228951,
      "knee_foot_mpjpe": 0.12581807659570798,
      "root_relative_loss": 0.10672296856181109,
      "bone_loss": 0.011435620962699827,
      "velocity_loss": 0.030488284233309175,
      "leg_velocity_loss": 0.026361235628964978,
      "leg_acceleration_loss": 0.02651389169295189,
      "foot_motion_ratio": 0.08271787183009743,
      "pred_root_std_mean": 0.1612800508737564,
      "gt_root_std_mean": 0.16964389383792877
    }
  ],
  "config": {
    "data_dir": "Dataset_Ready",
    "save_dir": "Training_Results_baseline",
    "epochs": 8,
    "batch_size": 32,
    "lr": 0.001,
    "bone_weight": 0.2,
    "velocity_weight": 0.1,
    "leg_velocity_weight": 0.2,
    "leg_accel_weight": 0.05,
    "root_relative_weight": 0.05,
    "model_type": "baseline",
    "no_balanced_sampling": false,
    "no_augment": false,
    "yaw_aug_deg": 8.0,
    "point_jitter_std": 0.01,
    "point_dropout": 0.08,
    "device": "cuda",
    "input_channels": 3,
    "radar_channels": "xyz"
  }
}