{
  "mpjpe": 0.05155433714389801,
  "lower_body_mpjpe": 0.04147808626294136,
  "knee_foot_mpjpe": 0.04450293257832527,
  "leg_velocity_error": 0.009401565417647362,
  "foot_motion_ratio": 1.0589703686071232,
  "phase_delay_frames": 0
}