{
  "mpjpe": 0.03776407241821289,
  "lower_body_mpjpe": 0.024006197229027748,
  "knee_foot_mpjpe": 0.023927053436636925,
  "leg_velocity_error": 0.005076185334473848,
  "foot_motion_ratio": 3.99876871402696,
  "phase_delay_frames": 9
}