{
  "baseline": {
    "mean_pose_local_mpjpe": 0.20747601985931396,
    "mean_pose_root_relative_mpjpe": 0.1624150425195694
  },
  "epochs": [
    {
      "epoch": 1,
      "train_loss": 0.21952014096951397,
      "train_local_mpjpe": 0.18047357581718995,
      "loss": 0.16074606482829668,
      "local_mpjpe": 0.1462128620407926,
      "global_mpjpe": 0.14621286186496768,
      "root_relative_mpjpe": 0.12904931155409785,
      "root_translation_error": 0.08075058532763371,
      "lower_body_mpjpe": 0.11708623657667883,
      "knee_foot_mpjpe": 0.12730237300944539,
      "root_relative_loss": 0.12904931081783103,
      "bone_loss": 0.020941718014446154,
      "velocity_loss": 0.0345614980604049,
      "leg_velocity_loss": 0.0278864511533209,
      "leg_acceleration_loss": 0.03142519369391741,
      "foot_motion_ratio": 1.5596623147527378,
      "pred_root_std_mean": 0.16068142652511597,
      "gt_root_std_mean": 0.16964389383792877
    },
    {
      "epoch": 2,
      "train_loss": 0.1710210071373595,
      "train_local_mpjpe": 0.141819540112123,
      "loss": 0.15422397603591284,
      "local_mpjpe": 0.13765227993549148,
      "global_mpjpe": 0.1376522801332945,
      "root_relative_mpjpe": 0.11256980155333657,
      "root_translation_error": 0.08169390462272991,
      "lower_body_mpjpe": 0.11814780789358778,
      "knee_foot_mpjpe": 0.1311082112929814,
      "root_relative_loss": 0.11256980148740223,
      "bone_loss": 0.020409997034773978,
      "velocity_loss": 0.032207427010665424,
      "leg_velocity_loss": 0.026811118897017653,
      "leg_acceleration_loss": 0.030415342579483105,
      "foot_motion_ratio": 1.2737635758026864,
      "pred_root_std_mean": 0.1569443792104721,
      "gt_root_std_mean": 0.16964389383792877
    },
    {
      "epoch": 3,
      "train_loss": 0.1499902256662502,
      "train_local_mpjpe": 0.12127555561435484,
      "loss": 0.13389062634215945,
      "local_mpjpe": 0.11566278076892757,
      "global_mpjpe": 0.1156627805821136,
      "root_relative_mpjpe": 0.1020277801098901,
      "root_translation_error": 0.0630962086737068,
      "lower_body_mpjpe": 0.10328102375553773,
      "knee_foot_mpjpe": 0.11751686733842423,
      "root_relative_loss": 0.10202778049450709,
      "bone_loss": 0.01910720817101872,
      "velocity_loss": 0.03153060126093637,
      "leg_velocity_loss": 0.026493534805654247,
      "leg_acceleration_loss": 0.030420947817200932,
      "foot_motion_ratio": 1.2080903537241758,
      "pred_root_std_mean": 0.16257737576961517,
      "gt_root_std_mean": 0.16964389383792877
    },
    {
      "epoch": 4,
      "train_loss": 0.13672622945159674,
      "train_local_mpjpe": 0.107642158498838,
      "loss": 0.12418878840002338,
      "local_mpjpe": 0.10550990578743209,
      "global_mpjpe": 0.10550990612809286,
      "root_relative_mpjpe": 0.09148067404079226,
      "root_translation_error": 0.05816952580349811,
      "lower_body_mpjpe": 0.10041722626724778,
      "knee_foot_mpjpe": 0.11366483476837125,
      "root_relative_loss": 0.09148067427156246,
      "bone_loss": 0.01564598853554258,
      "velocity_loss": 0.02974420119967081,
      "leg_velocity_loss": 0.02559697945330259,
      "leg_acceleration_loss": 0.029808974547372104,
      "foot_motion_ratio": 1.276544178173957,
      "pred_root_std_mean": 0.16271285712718964,
      "gt_root_std_mean": 0.16964389383792877
    },
    {
      "epoch": 5,
      "train_loss": 0.1271594236978758,
      "train_local_mpjpe": 0.09860879893883737,
      "loss": 0.12027195298214578,
      "local_mpjpe": 0.10183235962262548,
      "global_mpjpe": 0.10183235986438473,
      "root_relative_mpjpe": 0.08828455761382713,
      "root_translation_error": 0.05788020172587714,
      "lower_body_mpjpe": 0.0962482907350524,
      "knee_foot_mpjpe": 0.10889367894942606,
      "root_relative_loss": 0.08828455720723202,
      "bone_loss": 0.01696183218910554,
      "velocity_loss": 0.02900400676195864,
      "leg_velocity_loss": 0.025389600350112163,
      "leg_acceleration_loss": 0.03068641452311063,
      "foot_motion_ratio": 1.3668924986349094,
      "pred_root_std_mean": 0.1594252735376358,
      "gt_root_std_mean": 0.16964389383792877
    },
    {
      "epoch": 6,
      "train_loss": 0.12093480301164362,
      "train_local_mpjpe": 0.09311791267381968,
      "loss": 0.12153425580852151,
      "local_mpjpe": 0.1037065783696892,
      "global_mpjpe": 0.10370657824880958,
      "root_relative_mpjpe": 0.0837211431138723,
      "root_translation_error": 0.06334516503587145,
      "lower_body_mpjpe": 0.0975383868039885,
      "knee_foot_mpjpe": 0.10928915942686673,
      "root_relative_loss": 0.08372114291606927,
      "bone_loss": 0.016543106347663126,
      "velocity_loss": 0.0286514396891877,
      "leg_velocity_loss": 0.025444639767011886,
      "leg_acceleration_loss": 0.03189532406309449,
      "foot_motion_ratio": 1.335942234613199,
      "pred_root_std_mean": 0.16522854566574097,
      "gt_root_std_mean": 0.16964389383792877
    },
    {
      "epoch": 7,
      "train_loss": 0.11783790434064874,
      "train_local_mpjpe": 0.09031948862583751,
      "loss": 0.11064913830442415,
      "local_mpjpe": 0.09308456095446528,
      "global_mpjpe": 0.09308456091050905,
      "root_relative_mpjpe": 0.07693593411165177,
      "root_translation_error": 0.05227448504725828,
      "lower_body_mpjpe": 0.08841567173885913,
      "knee_foot_mpjpe": 0.10142244089801403,
      "root_relative_loss": 0.07693593403472837,
      "bone_loss": 0.016005505197805112,
      "velocity_loss": 0.027250951903276036,
      "leg_velocity_loss": 0.024039483431364056,
      "leg_acceleration_loss": 0.02958427104208849,
      "foot_motion_ratio": 1.1578502549973912,
      "pred_root_std_mean": 0.16403596103191376,
      "gt_root_std_mean": 0.16964389383792877
    },
    {
      "epoch": 8,
      "train_loss": 0.11373796721199786,
      "train_local_mpjpe": 0.08647750464206846,
      "loss": 0.11464040628620657,
      "local_mpjpe": 0.09838484076008333,
      "global_mpjpe": 0.09838484090294107,
      "root_relative_mpjpe": 0.08165531251085016,
      "root_translation_error": 0.058551491828838634,
      "lower_body_mpjpe": 0.09141270844897689,
      "knee_foot_mpjpe": 0.10195776565236679,
      "root_relative_loss": 0.08165531215920033,
      "bone_loss": 0.015275011291029619,
      "velocity_loss": 0.026711879017869984,
      "leg_velocity_loss": 0.02376974227077226,
      "leg_acceleration_loss": 0.028931787622141977,
      "foot_motion_ratio": 1.2505270423790698,
      "pred_root_std_mean": 0.16416484117507935,
      "gt_root_std_mean": 0.16964389383792877
    }
  ],
  "config": {
    "data_dir": "Dataset_Ready",
    "save_dir": "Training_Results_edgeconv_anchor",
    "epochs": 8,
    "batch_size": 32,
    "lr": 0.001,
    "bone_weight": 0.2,
    "velocity_weight": 0.1,
    "leg_velocity_weight": 0.2,
    "leg_accel_weight": 0.05,
    "root_relative_weight": 0.05,
    "model_type": "edgeconv_anchor",
    "no_balanced_sampling": false,
    "no_augment": false,
    "yaw_aug_deg": 8.0,
    "point_jitter_std": 0.01,
    "point_dropout": 0.08,
    "device": "cuda",
    "input_channels": 3,
    "radar_channels": "xyz"
  }
}