{
  "mpjpe": 0.050971053540706635,
  "lower_body_mpjpe": 0.06778770685195923,
  "knee_foot_mpjpe": 0.08010800182819366,
  "leg_velocity_error": 0.01490215864032507,
  "foot_motion_ratio": 1.3097694071004045,
  "phase_delay_frames": 3
}