{
  "baseline": {
    "mean_pose_local_mpjpe": 0.20731277763843536,
    "mean_pose_root_relative_mpjpe": 0.16205577552318573
  },
  "epochs": [
    {
      "epoch": 1,
      "train_loss": 0.21916301964639542,
      "train_local_mpjpe": 0.19197732693440206,
      "loss": 0.16418792329035525,
      "local_mpjpe": 0.15498874678687993,
      "global_mpjpe": 0.154988746267072,
      "root_relative_mpjpe": 0.1272815419577582,
      "root_translation_error": 0.10260025589445303,
      "lower_body_mpjpe": 0.12113434754225404,
      "knee_foot_mpjpe": 0.12714578581670688,
      "root_relative_loss": 0.12728154221766216,
      "bone_loss": 0.028597333354788812,
      "velocity_loss": 0.040824196160619344,
      "leg_velocity_loss": 0.03354020151417962,
      "leg_acceleration_loss": 0.03977813172089153,
      "foot_motion_ratio": 3.2225089906606565,
      "pred_root_std_mean": 0.15903832018375397,
      "gt_root_std_mean": 0.1702931672334671
    },
    {
      "epoch": 2,
      "train_loss": 0.16921888820759884,
      "train_local_mpjpe": 0.15095479453469182,
      "loss": 0.1533212586804185,
      "local_mpjpe": 0.14236507473816706,
      "global_mpjpe": 0.14236507417504177,
      "root_relative_mpjpe": 0.11403059664853783,
      "root_translation_error": 0.09062161660471628,
      "lower_body_mpjpe": 0.11690863312850165,
      "knee_foot_mpjpe": 0.12687456828736982,
      "root_relative_loss": 0.11403059628034054,
      "bone_loss": 0.024216697437602075,
      "velocity_loss": 0.03926476913092788,
      "leg_velocity_loss": 0.0329266584391684,
      "leg_acceleration_loss": 0.03882202408601378,
      "foot_motion_ratio": 2.790603163457194,
      "pred_root_std_mean": 0.15639735758304596,
      "gt_root_std_mean": 0.1702931672334671
    },
    {
      "epoch": 3,
      "train_loss": 0.15432491063534676,
      "train_local_mpjpe": 0.13673810875630593,
      "loss": 0.1421007206880076,
      "local_mpjpe": 0.12912149632046388,
      "global_mpjpe": 0.1291214960172426,
      "root_relative_mpjpe": 0.10667519578926785,
      "root_translation_error": 0.08355176450987888,
      "lower_body_mpjpe": 0.11207246390539546,
      "knee_foot_mpjpe": 0.12249721370117608,
      "root_relative_loss": 0.10667519555102255,
      "bone_loss": 0.023113828856324733,
      "velocity_loss": 0.038728075578462244,
      "leg_velocity_loss": 0.03216367531676105,
      "leg_acceleration_loss": 0.037934785806249045,
      "foot_motion_ratio": 2.5662116803402126,
      "pred_root_std_mean": 0.15580466389656067,
      "gt_root_std_mean": 0.1702931672334671
    },
    {
      "epoch": 4,
      "train_loss": 0.14171308491144094,
      "train_local_mpjpe": 0.12366408512399003,
      "loss": 0.1319565448780046,
      "local_mpjpe": 0.11723373834650185,
      "global_mpjpe": 0.11723373847645382,
      "root_relative_mpjpe": 0.09777558878670599,
      "root_translation_error": 0.07220170978283466,
      "lower_body_mpjpe": 0.10791503949913868,
      "knee_foot_mpjpe": 0.12112376724131578,
      "root_relative_loss": 0.09777558807197005,
      "bone_loss": 0.020373228961753465,
      "velocity_loss": 0.03733972796823743,
      "leg_velocity_loss": 0.030944863626690106,
      "leg_acceleration_loss": 0.03632387903324047,
      "foot_motion_ratio": 2.209714794054974,
      "pred_root_std_mean": 0.16273242235183716,
      "gt_root_std_mean": 0.1702931672334671
    },
    {
      "epoch": 5,
      "train_loss": 0.1329559283347817,
      "train_local_mpjpe": 0.11480356513916909,
      "loss": 0.13125901725576367,
      "local_mpjpe": 0.11761792545575042,
      "global_mpjpe": 0.11761792575897173,
      "root_relative_mpjpe": 0.09584832635469907,
      "root_translation_error": 0.07713816882392695,
      "lower_body_mpjpe": 0.1062558879642639,
      "knee_foot_mpjpe": 0.11773232851437358,
      "root_relative_loss": 0.09584832637635775,
      "bone_loss": 0.02094015558141955,
      "velocity_loss": 0.03643255141498738,
      "leg_velocity_loss": 0.030472064374534542,
      "leg_acceleration_loss": 0.035995500086438516,
      "foot_motion_ratio": 2.3971382694882015,
      "pred_root_std_mean": 0.15810127556324005,
      "gt_root_std_mean": 0.1702931672334671
    },
    {
      "epoch": 6,
      "train_loss": 0.12474556401506201,
      "train_local_mpjpe": 0.1067200438262106,
      "loss": 0.1258486121199852,
      "local_mpjpe": 0.11213521564076114,
      "global_mpjpe": 0.11213521590066511,
      "root_relative_mpjpe": 0.09365309857178566,
      "root_translation_error": 0.07277519787596755,
      "lower_body_mpjpe": 0.10005287613806337,
      "knee_foot_mpjpe": 0.11171538274475308,
      "root_relative_loss": 0.09365309792202572,
      "bone_loss": 0.021408258439149966,
      "velocity_loss": 0.03706907213470617,
      "leg_velocity_loss": 0.031883408721579715,
      "leg_acceleration_loss": 0.038967469707131386,
      "foot_motion_ratio": 2.425596142231032,
      "pred_root_std_mean": 0.16405510902404785,
      "gt_root_std_mean": 0.1702931672334671
    },
    {
      "epoch": 7,
      "train_loss": 0.1179646180153967,
      "train_local_mpjpe": 0.10040431283078752,
      "loss": 0.12547159229600152,
      "local_mpjpe": 0.11193082585584285,
      "global_mpjpe": 0.11193082583418419,
      "root_relative_mpjpe": 0.0869604121720375,
      "root_translation_error": 0.0744177351575778,
      "lower_body_mpjpe": 0.10347448029490404,
      "knee_foot_mpjpe": 0.11414560705943164,
      "root_relative_loss": 0.08696041206374418,
      "bone_loss": 0.01900751495917956,
      "velocity_loss": 0.035274816747364955,
      "leg_velocity_loss": 0.03046379226454815,
      "leg_acceleration_loss": 0.03786462789054874,
      "foot_motion_ratio": 2.3789274432631426,
      "pred_root_std_mean": 0.15857529640197754,
      "gt_root_std_mean": 0.1702931672334671
    },
    {
      "epoch": 8,
      "train_loss": 0.11347841985590823,
      "train_local_mpjpe": 0.09636339198898625,
      "loss": 0.1183154299032203,
      "local_mpjpe": 0.1045453565758328,
      "global_mpjpe": 0.1045453563375875,
      "root_relative_mpjpe": 0.08612558724315361,
      "root_translation_error": 0.0660959869125035,
      "lower_body_mpjpe": 0.09645904414355755,
      "knee_foot_mpjpe": 0.10784471136799385,
      "root_relative_loss": 0.08612558754637491,
      "bone_loss": 0.019090873543931127,
      "velocity_loss": 0.03471829484455114,
      "leg_velocity_loss": 0.030294655930510787,
      "leg_acceleration_loss": 0.03770700005034721,
      "foot_motion_ratio": 2.337777001566665,
      "pred_root_std_mean": 0.1613839864730835,
      "gt_root_std_mean": 0.1702931672334671
    }
  ],
  "config": {
    "data_dir": "Dataset_Ready",
    "save_dir": "Training_Results_mmchain_lite_smoke",
    "epochs": 8,
    "batch_size": 64,
    "lr": 0.001,
    "bone_weight": 0.2,
    "velocity_weight": 0.05,
    "leg_velocity_weight": 0.1,
    "leg_accel_weight": 0.02,
    "root_relative_weight": 0.05,
    "model_type": "mmchain_lite",
    "no_balanced_sampling": false,
    "no_augment": false,
    "yaw_aug_deg": 8.0,
    "point_jitter_std": 0.01,
    "point_dropout": 0.08,
    "device": "cuda",
    "input_channels": 5,
    "radar_channels": "xyzvsnr",
    "seq_len": 5
  }
}