{
  "mpjpe": 0.03962238132953644,
  "lower_body_mpjpe": 0.04541680961847305,
  "knee_foot_mpjpe": 0.047392506152391434,
  "leg_velocity_error": 0.004684519954025745,
  "foot_motion_ratio": 2.0316522846749723,
  "phase_delay_frames": 8
}