{
  "mpjpe": 0.06589794158935547,
  "lower_body_mpjpe": 0.05166620388627052,
  "knee_foot_mpjpe": 0.04742718115448952,
  "leg_velocity_error": 0.011951703578233719,
  "foot_motion_ratio": 1.2210635967435466,
  "phase_delay_frames": -3
}