{
  "mpjpe": 0.05559924244880676,
  "lower_body_mpjpe": 0.04489626735448837,
  "knee_foot_mpjpe": 0.0416165329515934,
  "leg_velocity_error": 0.011205618269741535,
  "foot_motion_ratio": 1.2061545200544588,
  "phase_delay_frames": 3
}